{
  "elapsed_sec": 413.58737349510193,
  "payload_chars": 242262,
  "result": {
    "model_name": "gpt-5-4",
    "model_id": "gpt-5.4",
    "tier": 3,
    "input_tokens": 60577,
    "output_tokens": 21351,
    "cost_usd": 0.47170749999999995,
    "total_cost_usd": 0.47170749999999995,
    "complexity_score": 67,
    "escalated": false,
    "elapsed_seconds": 413.55883836746216,
    "truncated": false
  }
}